{
  "project_info": {
    "project_number": "1077816779941",
    "project_id": "rolebased-marvel",
    "storage_bucket": "rolebased-marvel.appspot.com"
  },
  "client": [
    {
      "client_info": {
        "mobilesdk_app_id": "1:1077816779941:android:52c5ebcd7902ad9485194c",
        "android_client_info": {
          "package_name": "com.example.rolebased_marvel"
        }
      },
      "oauth_client": [],
      "api_key": [
        {
          "current_key": "AIzaSyCd9MrghDQRehZIPvl03sBxTRlJztGX_0w"
        }
      ],
      "services": {
        "appinvite_service": {
          "other_platform_oauth_client": []
        }
      }
    }
  ],
  "configuration_version": "1"
}